1,This is a book comment,11,3,2022-10-20,,
2,Book comment,33,8,2022-10-20,,
3,This is a book comment,23,13,2022-10-20,,
4,Book comment,12,33,2022-10-20,,
5,This is a book comment,14,40,2022-10-20,,
6,Book comment,16,22,2022-10-20,,
7,This is a book comment,22,65,2022-10-20,,
8,Book comment,32,99,2022-10-20,,
9,This is a book comment,43,100,2022-10-20,,
10,Book comment,17,103,2022-10-20,,
11,This is a book comment,25,45,2022-10-20,,
12,Book comment,48,38,2022-10-20,,
13,This is a book comment,49,40,2022-10-20,,
14,Book comment,23,3,2022-10-20,,
15,This is a book comment,44,8,2022-10-20,,
16,Book comment,22,13,2022-10-20,,
17,This is a book comment,11,33,2022-10-20,,
18,Book comment,65,40,2022-10-20,,
19,This is a book comment,12,22,2022-10-20,,
20,Book comment,8,65,2022-10-20,,
21,This is a book comment,9,99,2022-10-20,,
22,Book comment,12,100,2022-10-20,,
23,This is a book comment,13,103,2022-10-20,,
24,Book comment,24,45,2022-10-20,,
25,This is a book comment,12,38,2022-10-20,,
26,Book comment,13,40,2022-10-20,,
27,This is a book comment,17,3,2022-10-20,,
28,Book comment,28,8,2022-10-20,,
29,This is a book comment,19,13,2022-10-20,,
30,Book comment,20,33,2022-10-20,,
31,This is a book comment,30,40,2022-10-20,,
32,Book comment,26,22,2022-10-20,,
33,This is a book comment,60,65,2022-10-20,,
34,Book comment,7,99,2022-10-20,,
35,This is a book comment,61,100,2022-10-20,,
36,Book comment,8,103,2022-10-20,,
37,This is a book comment,25,45,2022-10-20,,
38,Book comment,24,38,2022-10-20,,
39,This is a book comment,54,40,2022-10-20,,
40,Book comment,43,3,2022-10-20,,
41,This is a book comment,34,8,2022-10-20,,
42,Book comment,87,13,2022-10-20,,
43,This is a book comment,56,33,2022-10-20,,
44,Book comment,37,40,2022-10-20,,
45,This is a book comment,33,22,2022-10-20,,
46,Book comment,34,65,2022-10-20,,
47,This is a book comment,39,99,2022-10-20,,
48,Book comment,44,100,2022-10-20,,
49,This is a book comment,32,103,2022-10-20,,
50,Book comment,22,45,2022-10-20,,
51,This is a book comment,26,38,2022-10-20,,
52,Book comment,47,40,2022-10-20,,
53,This is a book comment,37,22,2022-10-20,,
54,Book comment,36,65,2022-10-20,,
55,This is a book comment,35,99,2022-10-20,,
56,Book comment,45,100,2022-10-20,,
57,This is a book comment,46,103,2022-10-20,,
58,Book comment,68,45,2022-10-20,,
59,This is a book comment,71,38,2022-10-20,,
60,Book comment,72,40,2022-10-20,,
61,This is a book comment,8,3,2022-10-20,,
62,Book comment,12,8,2022-10-20,,
63,This is a book comment,13,13,2022-10-20,,
64,Book comment,19,33,2022-10-20,,
65,This is a book comment,25,40,2022-10-20,,
66,Book comment,21,22,2022-10-20,,
67,This is a book comment,30,65,2022-10-20,,
68,Book comment,34,99,2022-10-20,,
69,This is a book comment,32,100,2022-10-20,,
70,Book comment,32,103,2022-10-20,,
71,This is a book comment,33,45,2022-10-20,,
72,Book comment,36,38,2022-10-20,,
73,This is a book comment,69,40,2022-10-20,,
74,Book comment,90,103,2022-10-20,,
75,This is a book comment,22,45,2022-10-20,,
76,Book comment,23,38,2022-10-20,,
77,This is a book comment,13,40,2022-10-20,,
78,Book comment,14,3,2022-10-20,,
79,This is a book comment,24,8,2022-10-20,,
80,Book comment,34,13,2022-10-20,,
81,This is a book comment,35,33,2022-10-20,,
82,Book comment,39,40,2022-10-20,,
83,This is a book comment,41,22,2022-10-20,,
84,Book comment,42,65,2022-10-20,,
85,This is a book comment,40,99,2022-10-20,,
86,Book comment,37,100,2022-10-20,,
87,This is a book comment,35,103,2022-10-20,,
88,Book comment,39,3,2022-10-20,,
89,This is a book comment,60,8,2022-10-20,,
90,Book comment,11,13,2022-10-20,,
91,This is a book comment,20,33,2022-10-20,,
92,Book comment,37,40,2022-10-20,,
93,This is a book comment,77,22,2022-10-20,,
94,Book comment,72,65,2022-10-20,,
95,This is a book comment,70,99,2022-10-20,,
96,Book comment,74,100,2022-10-20,,
97,This is a book comment,56,103,2022-10-20,,
98,Book comment,55,45,2022-10-20,,